{"n_clusters": [0, 2, 2, 6, 11, 28], "noise_propor": [1.0, 0.9995206289348375, 0.9989453836566425, 0.9974113962481225, 0.9953980377744399, 0.9896455849924899], "silhouette": [-1, 0.8133292691883802, 0.7226915726758087, 0.6324768615508694, 0.6152004479245671, 0.6031399986494592]}