{"n_clusters": [134, 64, 51, 37, 28, 25, 19, 12, 11, 8, 6, 5, 5], "noise_propor": [0.9802818701863155, 0.9847560001278323, 0.9860982391102873, 0.9880476814419482, 0.9896455849924899, 0.9902208302706849, 0.9915950273241507, 0.9934166373717682, 0.9937042600108658, 0.9946949602122016, 0.9954619539164616, 0.9959413249816241, 0.9959413249816241], "silhouette": [0.4386393545061888, 0.4667080629482632, 0.597201968370825, 0.5992509158025068, 0.6031399986494592, 0.6008223195342061, 0.5954424164977115, 0.5852399521339182, 0.5829148410599879, 0.5727610144411733, 0.5529408562923251, 0.5506643230517434, 0.5506643230517434]}