{"inertia": [29636.300390667267, 29512.817662862435, 29404.619743634386, 29308.480584716723, 29207.572382300394, 29117.020859500008, 29044.64649216869, 28979.11282388382, 28896.03943209719, 28834.049037072786, 28777.081212877063, 28696.235302199224, 28629.583478198147], "silhouette": [0.0027167558520201918, 0.0005749426850955684, 0.0015648900102108179, 0.001336443439554062, 0.0028511024218755812, 0.004009373871581543, 0.003955887937262158, 0.004473009599925218, 0.006584781004766574, 0.007010113643086772, 0.006744670979708272, 0.007658478516870926, 0.009222562214375845]}