{"inertia": [29410.083992850276, 29283.493379427455, 29176.249305043846, 29080.412018045143, 28994.49983541599, 28890.529862030162, 28838.89095226615, 28735.179958882807, 28675.15126374994, 28594.36565229666, 28501.282199679154, 28468.469580871384, 28387.34477051074], "silhouette": [0.0028344910751466118, -0.0008816967502702439, -2.0792825915917824e-05, 0.00023624765264953647, 0.0012485770852486294, 0.0028167763962843495, 0.0032441396077719994, 0.004570655471395617, 0.004366187698045285, 0.005342486713267838, 0.007720008076226562, 0.007509003927718129, 0.008238025253426002]}