{"n_clusters": [102, 50, 32, 25, 19, 16, 13, 10, 7, 6, 5, 5, 5], "noise_propor": [0.9845642517017673, 0.987887891086894, 0.9898692914895657, 0.9908280336198907, 0.9918506918922374, 0.9924578952414432, 0.993256847016714, 0.9940877568629958, 0.9949825828512991, 0.9953021635614074, 0.9956537023425266, 0.9957176184845483, 0.9957495765555591], "silhouette": [0.4477715410450764, 0.459263839198592, 0.47915341309220083, 0.47938594553611236, 0.5765294838739448, 0.5741138882001262, 0.5723751257838884, 0.5587793255248544, 0.5449683568271565, 0.5393750139466077, 0.5312579580024005, 0.5317025475098416, 0.5335487178532274]}