{"n_clusters": [0, 0, 2, 5, 10, 19], "noise_propor": [1.0, 1.0, 0.9991690901537184, 0.9976031446741874, 0.9956537023425266, 0.9918506918922374], "silhouette": [-1, -1, 0.7117820553126617, 0.6010043632375666, 0.5900788723000951, 0.5765294838739448]}